home,away,comp,stage,match_date,gd,xgd,attendance %,rest_advantage,home_team_dist_traveled,away_team_dist_traveled,distance_from_opp_home
Burnley,Manchester City,Premier League,Matchweek 1,8/11/2023,-3,-1.6,0.9567994322717999,2,0.0,174.58304869526592,21.178939146197887
Arsenal,Nott'ham Forest,Premier League,Matchweek 1,8/12/2023,1,-0.4,0.9881391671059567,-1,0.0,105.04331138761516,105.04331138761516
Newcastle Utd,Aston Villa,Premier League,Matchweek 1,8/12/2023,4,1.5,0.9981263741516108,0,0.0,170.7512515889244,170.7512515889244
Everton,Fulham,Premier League,Matchweek 1,8/12/2023,-1,1.2,0.9945962098762358,0,0.0,178.20612635238703,178.20612635238703
Brighton,Luton Town,Premier League,Matchweek 1,8/12/2023,3,2.5,0.9806769230769231,0,0.0,72.21833381189889,72.21833381189889
Sheffield Utd,Crystal Palace,Premier League,Matchweek 1,8/12/2023,-1,-1.4,0.9538866124396062,0,0.0,148.23899081564753,148.23899081564753
Bournemouth,West Ham,Premier League,Matchweek 1,8/12/2023,0,0.2,0.9370833333333334,0,0.0,96.5356303007143,96.5356303007143
Chelsea,Liverpool,Premier League,Matchweek 1,8/13/2023,0,0.1,0.9575164179104477,0,0.0,178.12109729259961,178.12109729259961
Brentford,Tottenham,Premier League,Matchweek 1,8/13/2023,0,0.9,0.9893333333333333,0,0.0,12.945839001702591,12.945839001702591
Manchester Utd,Wolves,Premier League,Matchweek 1,8/14/2023,1,0,0.968665407825065,0,0.0,60.67426842287674,60.67426842287674
Nott'ham Forest,Sheffield Utd,Premier League,Matchweek 2,8/18/2023,1,0.9,0.9617672047578589,0,0.0,32.86374293437882,32.86374293437882
Tottenham,Manchester Utd,Premier League,Matchweek 2,8/19/2023,2,-0.4,0.9975508362605137,1,0.0,158.84351023608815,158.84351023608815
Manchester City,Newcastle Utd,Premier League,Matchweek 2,8/19/2023,1,0.7,0.9709544322663904,-4,1629.7205401124174,105.7366886793771,105.7366886793771
Liverpool,Bournemouth,Premier League,Matchweek 2,8/19/2023,2,1.7,0.8712295081967213,-1,0.0,192.24191776581247,192.24191776581247
Wolves,Brighton,Premier League,Matchweek 2,8/19/2023,-3,-0.1,0.9771294851794072,-2,60.67426842287674,148.10104528632243,148.10104528632243
Fulham,Brentford,Premier League,Matchweek 2,8/19/2023,-3,-3.2,0.9430350194552529,1,0.0,3.6010120432373363,3.6010120432373363
West Ham,Chelsea,Premier League,Matchweek 2,8/20/2023,2,-0.7,0.999216,1,0.0,8.481334733904069,8.481334733904069
Aston Villa,Everton,Premier League,Matchweek 2,8/20/2023,4,2.3,0.9778142589118198,0,0.0,78.43260225710794,78.43260225710794
Crystal Palace,Arsenal,Premier League,Matchweek 2,8/21/2023,-1,-1,0.9213102266235003,0,0.0,10.870116866912975,10.870116866912975
Chelsea,Luton Town,Premier League,Matchweek 3,8/25/2023,3,1.8,0.9526686567164179,-8,8.481334733904069,29.65824840159611,29.65824840159611
Manchester Utd,Nott'ham Forest,Premier League,Matchweek 3,8/26/2023,1,1.6,0.971794905652903,-1,0.0,60.0445540663803,60.0445540663803
Arsenal,Fulham,Premier League,Matchweek 3,8/26/2023,0,2.6,0.9877602793885082,-2,10.870116866912975,7.361002471038941,7.361002471038941
Everton,Wolves,Premier League,Matchweek 3,8/26/2023,-1,0.2,0.9674776502228752,-1,0.0,68.15957137480737,68.15957137480737
Brighton,West Ham,Premier League,Matchweek 3,8/26/2023,-2,-1.5,0.9694769230769231,1,0.0,46.85169388747987,46.85169388747987
Brentford,Crystal Palace,Premier League,Matchweek 3,8/26/2023,0,0.2,0.9853333333333333,2,0.0,11.221723415568588,11.221723415568588
Bournemouth,Tottenham,Premier League,Matchweek 3,8/26/2023,-2,-1.4,0.8805833333333334,0,0.0,97.46069304735249,97.46069304735249
Newcastle Utd,Liverpool,Premier League,Matchweek 3,8/27/2023,-1,1.1,0.9982602045693528,0,0.0,119.66347734844807,119.66347734844807
Sheffield Utd,Manchester City,Premier League,Matchweek 3,8/27/2023,-1,-2.8,0.9582288545043116,1,0.0,31.02540240083707,31.02540240083707
Burnley,Aston Villa,Premier League,Matchweek 3,8/27/2023,-2,-1.8,0.9576421538188592,12,0.0,154.6466799643144,89.58447637489749
Luton Town,West Ham,Premier League,Matchweek 4,9/1/2023,-1,0.4,0.9001666666666667,-3,0.0,29.768142815797198,29.768142815797198
Manchester City,Fulham,Premier League,Matchweek 4,9/2/2023,4,0.8,0.9615028082229129,2,0.0,161.79678809522045,161.79678809522045
Chelsea,Nott'ham Forest,Premier League,Matchweek 4,9/2/2023,-1,1.5,0.9509253731343283,0,0.0,108.3603461470134,108.3603461470134
Brighton,Newcastle Utd,Premier League,Matchweek 4,9/2/2023,2,0.1,0.9729230769230769,1,0.0,291.351373024234,291.351373024234
Sheffield Utd,Everton,Premier League,Matchweek 4,9/2/2023,0,-1.3,0.9517460705767231,0,0.0,17.568290521698692,61.784685616362204
Burnley,Tottenham,Premier League,Matchweek 4,9/2/2023,-3,-0.9,0.9646944025547769,-1,74.085694354961,180.69996260710624,176.03143477886832
Brentford,Bournemouth,Premier League,Matchweek 4,9/2/2023,0,0.8,0.9839420289855072,0,115.59727572082004,164.7947034818275,84.51679212123727
Arsenal,Manchester Utd,Premier League,Matchweek 4,9/3/2023,2,1.4,0.9915656299420137,0,0.0,160.62715684065643,160.62715684065643
Liverpool,Aston Villa,Premier League,Matchweek 4,9/3/2023,3,1.8,0.8214590163934427,4,0.0,77.84666827048684,77.84666827048684
Crystal Palace,Wolves,Premier League,Matchweek 4,9/3/2023,1,0.9,0.9423347933726909,0,190.396788453546,119.78238952283678,119.78238952283678
Manchester Utd,Brighton,Premier League,Matchweek 5,9/16/2023,-2,-0.7,0.9717552917563481,-1,0.0,202.61293021395818,202.61293021395818
West Ham,Manchester City,Premier League,Matchweek 5,9/16/2023,-2,-2.7,0.9996,1,0.0,162.72073977485059,162.72073977485059
Tottenham,Sheffield Utd,Premier League,Matchweek 5,9/16/2023,1,1.4,0.9942638007154136,0,0.0,135.55811395484352,135.55811395484352
Newcastle Utd,Brentford,Premier League,Matchweek 5,9/16/2023,1,0.9,0.9878596692476819,0,0.0,247.044095194753,247.044095194753
Aston Villa,Crystal Palace,Premier League,Matchweek 5,9/16/2023,2,1.8,0.9570590994371482,0,0.0,108.43913468153485,108.43913468153485
Wolves,Liverpool,Premier League,Matchweek 5,9/16/2023,-2,-1.9,0.9752574102964119,0,0.0,67.56474632233083,67.56474632233083
Fulham,Luton Town,Premier League,Matchweek 5,9/16/2023,1,-0.1,0.9520233463035019,-1,0.0,29.66802425744038,29.66802425744038
Everton,Arsenal,Premier League,Matchweek 5,9/17/2023,-1,-0.7,0.9765918768832333,1,0.0,177.15561771054132,177.15561771054132
Bournemouth,Chelsea,Premier League,Matchweek 5,9/17/2023,0,-0.8,0.8684166666666666,0,0.0,88.11993218381308,88.11993218381308
Nott'ham Forest,Burnley,Premier League,Matchweek 5,9/18/2023,0,0.2,0.9462780210443762,0,0.0,74.085694354961,74.085694354961
Manchester City,Nott'ham Forest,Premier League,Matchweek 6,9/23/2023,2,0.3,0.9708453750658887,-1,0.0,57.95542123903779,57.95542123903779
Crystal Palace,Fulham,Premier League,Matchweek 6,9/23/2023,0,-0.3,0.954941915825557,0,0.0,7.901264828836706,7.901264828836706
Burnley,Manchester Utd,Premier League,Matchweek 6,9/23/2023,-1,0.1,0.9577308613501286,2,74.085694354961,712.9842804814715,22.664257455388867
Brentford,Everton,Premier League,Matchweek 6,9/23/2023,-2,-0.9,0.9844057971014493,1,0.0,175.3055109804548,175.3055109804548
Luton Town,Wolves,Premier League,Matchweek 6,9/23/2023,0,1.5,0.90775,0,0.0,86.86410749646792,86.86410749646792
Arsenal,Tottenham,Premier League,Matchweek 6,9/24/2023,0,0.4,0.9909725882973115,-4,0.0,3.8675306627938117,3.8675306627938117
Liverpool,West Ham,Premier League,Matchweek 6,9/24/2023,2,1.9,0.8219016393442623,0,828.5276689170885,180.08844231218643,180.08844231218643
Chelsea,Aston Villa,Premier League,Matchweek 6,9/24/2023,-1,0.3,0.9480597014925373,4,0.0,904.3549385196432,101.14587609597447
Brighton,Bournemouth,Premier League,Matchweek 6,9/24/2023,2,0.8,0.9728307692307693,-4,0.0,77.13998025597385,77.13998025597385
Sheffield Utd,Newcastle Utd,Premier League,Matchweek 6,9/24/2023,-8,-3,0.9518378080851324,3,0.0,722.4137382529675,111.08276790434583
Manchester Utd,Crystal Palace,Premier League,Matchweek 7,9/30/2023,-1,0.4,0.969589732078013,0,0.0,0.0,170.23834979903233
West Ham,Sheffield Utd,Premier League,Matchweek 7,9/30/2023,2,1,0.999344,-3,118.1439531651464,140.5881439746225,140.5881439746225
Tottenham,Liverpool,Premier League,Matchweek 7,9/30/2023,1,0.9,0.9990171119203377,3,0.0,175.28564555382346,175.28564555382346
Newcastle Utd,Burnley,Premier League,Matchweek 7,9/30/2023,2,2.5,0.9881846859764841,-1,0.0,104.4139590944109,85.55780100645269
Aston Villa,Brighton,Premier League,Matchweek 7,9/30/2023,5,-0.1,0.9530018761726079,0,0.0,101.14587609597447,137.5050176922312
Everton,Luton Town,Premier League,Matchweek 7,9/30/2023,-1,2,0.9783848395049431,-1,78.43260225710794,188.5938950214878,151.05426850533235
Wolves,Manchester City,Premier League,Matchweek 7,9/30/2023,1,-0.5,0.9801872074882996,1,143.156033023317,166.11017180942812,61.754182409132035
Bournemouth,Arsenal,Premier League,Matchweek 7,9/30/2023,-4,-2.8,0.93275,0,0.0,84.51679212123727,93.96052726576495
Nott'ham Forest,Brentford,Premier League,Matchweek 7,10/1/2023,0,-1.1,0.947781190771845,4,0.0,106.28919271458624,106.28919271458624
Fulham,Chelsea,Premier League,Matchweek 7,10/2/2023,-2,-0.6,0.9511673151750972,0,0.0,1.3932317011508308,1.3932317011508308
Luton Town,Burnley,Premier League,Matchweek 2,10/3/2023,-1,0.2,0.9098333333333334,0,151.05426850533235,219.13376252807404,151.50932145411392
Manchester Utd,Brentford,Premier League,Matchweek 8,10/7/2023,1,0.5,0.9699198478826372,-2,0.0,160.06234737647546,160.06234737647546
Everton,Bournemouth,Premier League,Matchweek 8,10/7/2023,3,1.7,0.9665811689120203,0,0.0,192.83847548568883,192.83847548568883
Crystal Palace,Nott'ham Forest,Premier League,Matchweek 8,10/7/2023,0,-0.2,0.9528470767472862,1,0.0,115.39175887130357,115.39175887130357
Fulham,Sheffield Utd,Premier League,Matchweek 8,10/7/2023,2,1.6,0.9478988326848249,-2,0.0,141.12887864479376,141.12887864479376
Burnley,Chelsea,Premier League,Matchweek 8,10/7/2023,-3,-1.2,0.9604364410538455,-1,151.50932145411392,180.69996260710624,180.89112821862733
Luton Town,Tottenham,Premier League,Matchweek 8,10/7/2023,-1,-1.1,0.8575,-3,0.0,24.854346537697833,24.854346537697833
West Ham,Newcastle Utd,Premier League,Matchweek 8,10/8/2023,0,-0.8,0.999568,-1,429.4699683837811,246.5506742531606,246.5506742531606
Arsenal,Manchester City,Premier League,Matchweek 8,10/8/2023,1,-0.1,0.9922410384818134,1,148.89615857264081,535.9160779925145,159.6104662342485
Brighton,Liverpool,Premier League,Matchweek 8,10/8/2023,0,0,0.9769846153846153,0,584.1406561428004,215.35148806421188,215.35148806421188
Wolves,Aston Villa,Premier League,Matchweek 8,10/8/2023,0,0.1,0.9804992199687987,5,0.0,11.74073684225786,11.74073684225786
Manchester City,Brighton,Premier League,Matchweek 9,10/21/2023,1,0,0.9718087136703201,0,0.0,202.0886493935327,202.0886493935327
Newcastle Utd,Crystal Palace,Premier League,Matchweek 9,10/21/2023,4,1.2,0.9977822387917025,-1,0.0,255.199200062959,255.199200062959
Liverpool,Everton,Premier League,Matchweek 9,10/21/2023,2,2.1,0.8229672131147541,-1,0.0,0.601736981081776,0.601736981081776
Chelsea,Arsenal,Premier League,Matchweek 9,10/21/2023,0,0.3,0.9486089552238806,1,0.0,6.185076070344405,6.185076070344405
Sheffield Utd,Manchester Utd,Premier League,Matchweek 9,10/21/2023,-1,0.3,0.9645587425845514,0,0.0,34.39253660197973,34.39253660197973
Nott'ham Forest,Luton Town,Premier League,Matchweek 9,10/21/2023,0,1.2,0.9594470949611137,0,0.0,78.7080441322044,78.7080441322044
Brentford,Burnley,Premier League,Matchweek 9,10/21/2023,3,2,0.9871884057971014,0,0.0,178.32701794425586,178.32701794425586
Bournemouth,Wolves,Premier League,Matchweek 9,10/21/2023,-1,-1.8,0.93125,1,0.0,128.7785129756664,128.7785129756664
Aston Villa,West Ham,Premier League,Matchweek 9,10/22/2023,3,0.8,0.9787523452157598,0,0.0,103.94944488769937,103.94944488769937
Tottenham,Fulham,Premier League,Matchweek 9,10/23/2023,2,0.5,0.9874963745931488,0,0.0,11.158905330556353,11.158905330556353
Crystal Palace,Tottenham,Premier League,Matchweek 10,10/27/2023,-1,-0.5,0.9550180917920396,2,0.0,14.264900666344364,14.264900666344364
Arsenal,Sheffield Utd,Premier League,Matchweek 10,10/28/2023,5,2.8,0.990923168160253,-3,1020.0768504329951,137.906646862467,137.906646862467
Chelsea,Brentford,Premier League,Matchweek 10,10/28/2023,-2,-0.3,0.9450746268656717,0,0.0,4.819606826663133,4.819606826663133
Wolves,Newcastle Utd,Premier League,Matchweek 10,10/28/2023,0,-1.3,0.9854602184087363,4,0.0,166.11017180942812,166.11017180942812
Bournemouth,Burnley,Premier League,Matchweek 10,10/28/2023,1,0.3,0.9293333333333333,0,0.0,211.64749842050372,211.64749842050372
Manchester Utd,Manchester City,Premier League,Matchweek 10,10/29/2023,-3,-3.1,0.9705668748597008,1,0.0,621.6783981837889,3.993631130162096
West Ham,Everton,Premier League,Matchweek 10,10/29/2023,-1,-0.1,0.999504,-5,1998.4180846274157,180.64531338018784,180.64531338018784
Liverpool,Nott'ham Forest,Premier League,Matchweek 10,10/29/2023,3,2.8,0.822016393442623,-5,0.0,82.93456734366865,82.93456734366865
Aston Villa,Luton Town,Premier League,Matchweek 10,10/29/2023,2,1.8,0.9799484052532833,-5,278.32570271032813,75.17670354973767,75.17670354973767
Brighton,Fulham,Premier League,Matchweek 10,10/29/2023,0,0.7,0.9707692307692307,-3,0.0,42.78907448561371,42.78907448561371
Manchester City,Bournemouth,Premier League,Matchweek 11,11/4/2023,5,1,0.9698456840612901,3,0.0,190.47474412866654,190.47474412866654
Newcastle Utd,Arsenal,Premier League,Matchweek 11,11/4/2023,1,0.4,0.9978778319472326,0,107.94891721671931,246.5506742531606,244.45638926550575
Everton,Brighton,Premier League,Matchweek 11,11/4/2023,0,0.2,0.9632940707722191,-3,0.0,215.9370971693225,215.9370971693225
Sheffield Utd,Wolves,Premier League,Matchweek 11,11/4/2023,1,-0.2,0.9006788575622287,0,0.0,60.473250269001866,60.473250269001866
Fulham,Manchester Utd,Premier League,Matchweek 11,11/4/2023,-1,0.3,0.95,0,70.85556113709607,162.64344523010803,162.64344523010803
Burnley,Crystal Palace,Premier League,Matchweek 11,11/4/2023,-2,-0.2,0.9570655548656081,-5,38.67614293012165,188.09928496285767,188.09928496285767
Brentford,West Ham,Premier League,Matchweek 11,11/4/2023,1,-0.3,0.9914782608695653,4,0.0,12.792546616739742,12.792546616739742
Nott'ham Forest,Aston Villa,Premier League,Matchweek 11,11/5/2023,2,-0.8,0.9578785700281027,0,0.0,43.3154534718993,43.3154534718993
Luton Town,Liverpool,Premier League,Matchweek 11,11/5/2023,0,-1.8,0.92075,3,0.0,99.95937772645323,150.50201918294488
Tottenham,Chelsea,Premier League,Matchweek 11,11/6/2023,-3,-3.2,0.9945860591021881,5,0.0,10.034395880339678,10.034395880339678
Manchester Utd,Luton Town,Premier League,Matchweek 12,11/11/2023,1,1.8,0.9718477241816429,-3,613.621477161211,134.04826617521897,134.04826617521897
Arsenal,Burnley,Premier League,Matchweek 12,11/11/2023,2,1.5,0.9922245651027939,-4,0.0,178.1061015824509,178.1061015824509
Wolves,Tottenham,Premier League,Matchweek 12,11/11/2023,1,1.4,0.9872698907956319,2,0.0,110.96158391521435,110.96158391521435
Crystal Palace,Everton,Premier League,Matchweek 12,11/11/2023,-1,0.7,0.9561226433060369,0,0.0,186.0219860056356,186.0219860056356
Bournemouth,Newcastle Utd,Premier League,Matchweek 12,11/11/2023,2,1.9,0.9334166666666667,3,0.0,406.05901230726573,293.1171610832654
West Ham,Nott'ham Forest,Premier League,Matchweek 12,11/12/2023,1,0.1,0.99952,-4,0.0,107.7314523271027,107.7314523271027
Liverpool,Brentford,Premier League,Matchweek 12,11/12/2023,3,0.1,0.8221475409836065,-5,709.1786430213159,174.73492174379578,174.73492174379578
Aston Villa,Fulham,Premier League,Matchweek 12,11/12/2023,2,2.1,0.9757973733583489,-5,0.0,100.55472658396246,100.55472658396246
Chelsea,Manchester City,Premier League,Matchweek 12,11/12/2023,0,0,0.9440477611940299,1,0.0,162.0652890815292,162.0652890815292
Brighton,Sheffield Utd,Premier League,Matchweek 12,11/12/2023,0,0.4,0.9651384615384615,-5,237.85615632454343,183.03575186533246,183.03575186533246
Manchester City,Liverpool,Premier League,Matchweek 13,11/25/2023,0,0.7,0.968591526255521,0,0.0,31.4968174112666,31.4968174112666
Newcastle Utd,Chelsea,Premier League,Matchweek 13,11/25/2023,3,1.9,0.998508746773731,1,0.0,248.53854365256566,248.53854365256566
Sheffield Utd,Bournemouth,Premier League,Matchweek 13,11/25/2023,-2,-2.1,0.9237355513424256,-1,0.0,182.73057869518593,182.73057869518593
Nott'ham Forest,Brighton,Premier League,Matchweek 13,11/25/2023,-1,0.6,0.9608522318802692,0,0.0,150.39496189655355,150.39496189655355
Burnley,West Ham,Premier League,Matchweek 13,11/25/2023,-1,0.4,0.9455779295662202,1,0.0,181.04410223414268,181.04410223414268
Brentford,Arsenal,Premier League,Matchweek 13,11/25/2023,-1,-0.5,0.997159420289855,-1,0.0,9.534454191276403,9.534454191276403
Luton Town,Crystal Palace,Premier League,Matchweek 13,11/25/2023,1,-0.7,0.9190833333333334,0,0.0,36.70239272477797,36.70239272477797
Tottenham,Aston Villa,Premier League,Matchweek 13,11/26/2023,-1,0.6,0.993828751893268,1,0.0,99.36954823663888,99.36954823663888
Everton,Manchester Utd,Premier League,Matchweek 13,11/26/2023,-3,0.2,0.9775879672286276,0,0.0,27.8237650718974,27.8237650718974
Fulham,Wolves,Premier League,Matchweek 13,11/27/2023,1,1.5,0.9480933852140078,-1,0.0,111.88670555982965,111.88670555982965
Arsenal,Wolves,Premier League,Matchweek 14,12/2/2023,1,2.1,0.992718766473379,-2,0.0,7.361002471038941,111.74480278581855
Newcastle Utd,Manchester Utd,Premier League,Matchweek 14,12/2/2023,1,1.9,0.9982602045693528,1,454.6985830850068,1687.081690010415,107.94891721671931
Nott'ham Forest,Everton,Premier League,Matchweek 14,12/2/2023,-1,0,0.9608522318802692,1,0.0,83.36654503206178,83.36654503206178
Burnley,Sheffield Utd,Premier League,Matchweek 14,12/2/2023,5,1.4,0.9526301783021378,0,0.0,42.51637537492601,42.51637537492601
Brentford,Luton Town,Premier League,Matchweek 14,12/2/2023,2,2.9,0.9898550724637681,0,0.0,27.913884428117303,27.913884428117303
West Ham,Crystal Palace,Premier League,Matchweek 14,12/3/2023,0,0.2,0.998624,-5,975.3413268010551,10.13927133640473,10.13927133640473
Manchester City,Tottenham,Premier League,Matchweek 14,12/3/2023,0,2.1,0.9719359470709054,-2,0.0,157.74431706248097,157.74431706248097
Liverpool,Fulham,Premier League,Matchweek 14,12/3/2023,1,0.9,0.8217049180327869,-3,0.0,177.6378885904164,177.6378885904164
Chelsea,Brighton,Premier League,Matchweek 14,12/3/2023,1,1,0.9467940298507462,5,0.0,1485.402811198024,43.08159634967195
Bournemouth,Aston Villa,Premier League,Matchweek 14,12/3/2023,0,1.3,0.9325833333333333,5,0.0,122.58137686689894,122.58137686689894
Wolves,Burnley,Premier League,Matchweek 15,12/5/2023,1,-0.1,0.9497347893915756,0,111.74480278581855,82.93230929458153,82.93230929458153
Luton Town,Arsenal,Premier League,Matchweek 15,12/5/2023,-1,-1.7,0.91925,0,27.913884428117303,26.617334445905875,26.617334445905875
Manchester Utd,Chelsea,Premier League,Matchweek 15,12/6/2023,1,2.6,0.9719533612391227,1,107.94891721671931,162.94470801049738,162.94470801049738
Aston Villa,Manchester City,Premier League,Matchweek 15,12/6/2023,1,1.7,0.9714118198874296,0,122.58137686689894,68.55738989703812,68.55738989703812
Brighton,Brentford,Premier League,Matchweek 15,12/6/2023,1,0,0.9714153846153846,-1,43.08159634967195,44.307604649146185,44.307604649146185
Sheffield Utd,Liverpool,Premier League,Matchweek 15,12/6/2023,-2,-0.7,0.9603693963671946,1,42.51637537492601,61.521976132624104,61.521976132624104
Crystal Palace,Bournemouth,Premier League,Matchweek 15,12/6/2023,-2,-0.8,0.9551704437250048,0,10.13927133640473,88.82675565683887,88.82675565683887
Fulham,Nott'ham Forest,Premier League,Matchweek 15,12/6/2023,5,2.2,0.9379377431906615,-1,177.6378885904164,108.32257726097232,108.32257726097232
Tottenham,West Ham,Premier League,Matchweek 15,12/7/2023,-1,-0.4,0.9856433888691953,0,157.74431706248097,5.030030026161061,5.030030026161061
Everton,Newcastle Utd,Premier League,Matchweek 15,12/7/2023,3,1.8,0.9512164753343129,0,83.36654503206178,119.2670310662883,119.2670310662883
Manchester Utd,Bournemouth,Premier League,Matchweek 16,12/9/2023,-3,-0.4,0.969576527445828,0,0.0,170.23834979903233,189.4506643025337
Aston Villa,Arsenal,Premier League,Matchweek 16,12/9/2023,1,-0.8,0.9849906191369606,-1,0.0,75.17670354973767,100.22699979051305
Wolves,Nott'ham Forest,Premier League,Matchweek 16,12/9/2023,0,-0.1,0.9841809672386895,1,0.0,111.88670555982965,48.19730378127002
Brighton,Burnley,Premier League,Matchweek 16,12/9/2023,0,2,0.9695692307692307,-1,0.0,148.10104528632243,221.62007722539133
Sheffield Utd,Brentford,Premier League,Matchweek 16,12/9/2023,1,0.2,0.8717815424133081,0,0.0,183.03575186533246,139.0392015952734
Crystal Palace,Liverpool,Premier League,Matchweek 16,12/9/2023,-1,0.5,0.9561226433060369,0,0.0,148.23899081564753,185.45501720089734
Tottenham,Newcastle Utd,Premier League,Matchweek 16,12/10/2023,3,2.1,0.9856433888691953,0,0.0,175.84058523170475,241.60304839766928
Everton,Chelsea,Premier League,Matchweek 16,12/10/2023,2,0.3,0.9781607191772294,-1,0.0,27.8237650718974,178.68786692000916
Fulham,West Ham,Premier League,Matchweek 16,12/10/2023,5,1,0.9333852140077821,1,0.0,11.158905330556353,9.861680019725057
Luton Town,Manchester City,Premier League,Matchweek 16,12/10/2023,-1,-1.3,0.9205833333333333,1,0.0,75.17670354973767,133.00309255790327
Nott'ham Forest,Tottenham,Premier League,Matchweek 17,12/15/2023,-2,-0.2,0.9573230507809947,1,0.0,102.7015016091063,102.7015016091063
Manchester City,Crystal Palace,Premier League,Matchweek 17,12/16/2023,0,-0.2,0.967846302052093,-4,372.21825088058256,169.3384237319006,169.3384237319006
Newcastle Utd,Fulham,Premier League,Matchweek 17,12/16/2023,3,3.2,0.9952203422234968,-3,0.0,248.6902770092759,248.6902770092759
Chelsea,Sheffield Utd,Premier League,Matchweek 17,12/16/2023,2,2.7,0.9456477611940298,-1,0.0,141.18643889376855,141.18643889376855
Burnley,Everton,Premier League,Matchweek 17,12/16/2023,-2,-0.7,0.9497471835358822,1,0.0,38.67614293012165,38.67614293012165
West Ham,Wolves,Premier League,Matchweek 17,12/17/2023,3,0.4,0.99928,-5,0.0,115.50236055822437,115.50236055822437
Arsenal,Brighton,Premier League,Matchweek 17,12/17/2023,2,1.6,0.9926363995782815,2,239.9140908231991,47.90704237150476,47.90704237150476
Liverpool,Manchester Utd,Premier League,Matchweek 17,12/17/2023,0,1.5,0.937016393442623,-2,448.2625540355849,27.637459179728413,27.637459179728413
Brentford,Aston Villa,Premier League,Matchweek 17,12/17/2023,-1,-0.9,0.9874782608695652,5,0.0,1011.8048240796066,97.49470174212284
Crystal Palace,Brighton,Premier League,Matchweek 18,12/21/2023,0,0.1,0.9206246429251571,1,169.3384237319006,10.870116866912975,37.06988086063056
Aston Villa,Sheffield Utd,Premier League,Matchweek 18,12/22/2023,0,0.3,0.9768058161350844,-1,97.49470174212284,61.943202250247815,61.943202250247815
West Ham,Manchester Utd,Premier League,Matchweek 18,12/23/2023,2,0.2,1.031552,-3,180.08844231218643,163.8010029079662,163.8010029079662
Tottenham,Everton,Premier League,Matchweek 18,12/23/2023,1,-0.3,0.9959073184879637,4,0.0,175.84058523170475,175.84058523170475
Liverpool,Arsenal,Premier League,Matchweek 18,12/23/2023,0,0.3,0.9434098360655738,-3,0.0,176.59599193203024,176.59599193203024
Nott'ham Forest,Bournemouth,Premier League,Matchweek 18,12/23/2023,-1,-0.6,0.9537938696817202,-6,0.0,155.2807119706641,155.2807119706641
Fulham,Burnley,Premier League,Matchweek 18,12/23/2023,-2,0.9,0.9182101167315175,-3,178.20612635238703,180.69996260710624,180.69996260710624
Luton Town,Newcastle Utd,Premier League,Matchweek 18,12/23/2023,1,0,0.9201666666666667,9,0.0,29.65824840159611,219.13376252807404
Wolves,Chelsea,Premier League,Matchweek 18,12/24/2023,1,-0.7,0.9872386895475819,2,0.0,112.51325025221647,112.51325025221647
Manchester Utd,Aston Villa,Premier League,Matchweek 19,12/26/2023,1,-0.6,0.9715176083770186,-1,163.8010029079662,68.04384326627398,68.04384326627398
Newcastle Utd,Nott'ham Forest,Premier League,Matchweek 19,12/26/2023,-2,-1.1,0.9981263741516108,0,219.13376252807404,142.04126417458008,142.04126417458008
Sheffield Utd,Luton Town,Premier League,Matchweek 19,12/26/2023,-1,1.8,0.9492079995107333,1,61.943202250247815,111.54483901345607,111.54483901345607
Burnley,Liverpool,Premier League,Matchweek 19,12/26/2023,-2,-1,0.9591058280848044,0,180.69996260710624,38.85315934090947,38.85315934090947
Bournemouth,Fulham,Premier League,Matchweek 19,12/26/2023,3,1.5,0.9249166666666667,0,155.2807119706641,86.78071188693295,86.78071188693295
Chelsea,Crystal Palace,Premier League,Matchweek 19,12/27/2023,1,1.5,0.9461014925373135,-3,112.51325025221647,7.336218240493724,7.336218240493724
Everton,Manchester City,Premier League,Matchweek 19,12/27/2023,-2,-1.4,0.9793311253330678,-7,175.84058523170475,31.662427052118172,31.662427052118172
Brentford,Wolves,Premier League,Matchweek 19,12/27/2023,-3,-0.2,0.9918260869565217,7,0.0,108.77048838167428,108.77048838167428
Arsenal,West Ham,Premier League,Matchweek 19,12/28/2023,-2,1.3,0.9927022930943595,0,176.59599193203024,4.121217159991134,4.121217159991134
Brighton,Tottenham,Premier League,Matchweek 19,12/28/2023,2,0.9,0.9746153846153847,2,0.0,51.31601154621342,51.31601154621342
Manchester City,Sheffield Utd,Premier League,Matchweek 20,12/30/2023,2,1.9,0.9653016340403875,-1,31.662427052118172,31.02540240083707,31.02540240083707
Aston Villa,Burnley,Premier League,Matchweek 20,12/30/2023,1,2,0.9759146341463415,0,68.04384326627398,89.58447637489749,89.58447637489749
Wolves,Everton,Premier League,Matchweek 20,12/30/2023,3,1.5,0.9871762870514821,0,108.77048838167428,68.15957137480737,68.15957137480737
Nott'ham Forest,Manchester Utd,Premier League,Matchweek 20,12/30/2023,1,-0.1,0.9649369322266519,0,142.04126417458008,60.0445540663803,60.0445540663803
Crystal Palace,Brentford,Premier League,Matchweek 20,12/30/2023,2,-0.4,0.970177109122072,0,7.336218240493724,11.221723415568588,11.221723415568588
Luton Town,Chelsea,Premier League,Matchweek 20,12/30/2023,-1,0.8,0.9200833333333334,1,111.54483901345607,29.65824840159611,29.65824840159611
Tottenham,Bournemouth,Premier League,Matchweek 20,12/31/2023,2,0.6,0.9954561567464794,-2,51.31601154621342,97.46069304735249,97.46069304735249
Fulham,Arsenal,Premier League,Matchweek 20,12/31/2023,1,-0.4,0.9511284046692607,2,86.78071188693295,7.361002471038941,7.361002471038941
Liverpool,Newcastle Utd,Premier League,Matchweek 20,1/1/2024,2,6.4,0.9421475409836065,0,0.0,119.66347734844807,119.66347734844807
West Ham,Brighton,Premier League,Matchweek 20,1/2/2024,0,-1.6,0.999392,0,4.121217159991134,46.85169388747987,46.85169388747987
Burnley,Luton Town,Premier League,Matchweek 21,1/12/2024,0,0.2,0.8939501463674266,2,0.0,151.50932145411392,151.50932145411392
Newcastle Utd,Manchester City,Premier League,Matchweek 21,1/13/2024,-1,-1.7,0.9978013574228085,1,0.0,105.7366886793771,105.7366886793771
Chelsea,Fulham,Premier League,Matchweek 21,1/13/2024,1,1.4,0.9466985074626866,1,218.15972903310927,178.12109729259961,1.3932317011508308
Manchester Utd,Tottenham,Premier League,Matchweek 21,1/14/2024,0,-0.4,0.9703952146412962,-3,0.0,158.84351023608815,158.84351023608815
Everton,Aston Villa,Premier League,Matchweek 21,1/14/2024,0,-0.1,0.9782603282117688,2,0.0,78.43260225710794,78.43260225710794
Arsenal,Crystal Palace,Premier League,Matchweek 21,1/20/2024,5,3,0.9930811808118081,10,0.0,177.15561771054132,10.870116866912975
Brentford,Nott'ham Forest,Premier League,Matchweek 21,1/20/2024,1,0,0.9899710144927536,1,108.77048838167428,197.11115530915808,106.28919271458624
Sheffield Utd,West Ham,Premier League,Matchweek 21,1/21/2024,0,0.2,0.891810898415999,10,0.0,141.89421697728537,140.5881439746225
Bournemouth,Liverpool,Premier League,Matchweek 21,1/21/2024,-4,-0.1,0.9356666666666666,4,0.0,192.24191776581247,192.24191776581247
Brighton,Wolves,Premier League,Matchweek 21,1/22/2024,0,-0.1,1.277076923076923,10,0.0,148.10104528632243,148.10104528632243
Aston Villa,Newcastle Utd,Premier League,Matchweek 22,1/30/2024,-2,-1.2,0.9894699812382739,1,101.14587609597447,100.55472658396246,170.7512515889244
Nott'ham Forest,Arsenal,Premier League,Matchweek 22,1/30/2024,-1,-0.7,0.9602967126331612,-6,121.28437074910515,105.04331138761516,105.04331138761516
Crystal Palace,Sheffield Utd,Premier League,Matchweek 22,1/30/2024,1,0.3,0.9438583127023424,7,0.0,148.23899081564753,148.23899081564753
Fulham,Everton,Premier League,Matchweek 22,1/30/2024,0,-0.3,0.9484824902723735,0,0.0,178.20612635238703,178.20612635238703
Luton Town,Brighton,Premier League,Matchweek 22,1/30/2024,4,2.2,0.9161666666666667,0,151.05426850533235,111.54483901345607,72.21833381189889
Tottenham,Brentford,Premier League,Matchweek 22,1/31/2024,1,1.3,0.9862717927234056,-6,0.0,12.945839001702591,12.945839001702591
Liverpool,Chelsea,Premier League,Matchweek 22,1/31/2024,3,2.3,0.943016393442623,-2,0.0,178.12109729259961,178.12109729259961
Manchester City,Burnley,Premier League,Matchweek 22,1/31/2024,2,0.3,0.9477616009597034,-14,157.74431706248097,21.178939146197887,21.178939146197887
West Ham,Bournemouth,Premier League,Matchweek 22,2/1/2024,0,0.2,0.999648,4,0.0,96.5356303007143,96.5356303007143
Wolves,Manchester Utd,Premier League,Matchweek 22,2/1/2024,-1,-1.2,0.9872386895475819,0,8.959799378728913,78.2151971077695,60.67426842287674
Newcastle Utd,Luton Town,Premier League,Matchweek 23,2/3/2024,0,-0.1,0.9982028486760348,0,170.7512515889244,219.13376252807404,219.13376252807404
Everton,Tottenham,Premier League,Matchweek 23,2/3/2024,0,1.6,0.9791817117812586,1,178.20612635238703,175.84058523170475,175.84058523170475
Brighton,Crystal Palace,Premier League,Matchweek 23,2/3/2024,3,1.1,0.9644615384615385,0,72.21833381189889,37.06988086063056,37.06988086063056
Sheffield Utd,Aston Villa,Premier League,Matchweek 23,2/3/2024,-5,-0.8,0.9230933887835606,0,148.23899081564753,61.943202250247815,61.943202250247815
Burnley,Fulham,Premier League,Matchweek 23,2/3/2024,0,0.3,0.8960791271178923,-1,21.178939146197887,180.69996260710624,180.69996260710624
Manchester Utd,West Ham,Premier League,Matchweek 23,2/4/2024,3,-0.7,0.9720193844000475,0,60.67426842287674,163.8010029079662,163.8010029079662
Arsenal,Liverpool,Premier League,Matchweek 23,2/4/2024,2,3.1,0.9945637849235636,1,105.04331138761516,176.59599193203024,176.59599193203024
Chelsea,Wolves,Premier League,Matchweek 23,2/4/2024,-2,-0.3,0.9463402985074627,1,178.12109729259961,112.51325025221647,112.51325025221647
Bournemouth,Nott'ham Forest,Premier League,Matchweek 23,2/4/2024,0,0.8,0.9333333333333333,-2,96.5356303007143,155.2807119706641,155.2807119706641
Brentford,Manchester City,Premier League,Matchweek 23,2/5/2024,-2,-1.1,0.991072463768116,0,12.945839001702591,159.27746027743848,159.27746027743848
Tottenham,Brighton,Premier League,Matchweek 24,2/10/2024,1,0.4,0.9900583287680061,0,0.0,51.31601154621342,51.31601154621342
Liverpool,Burnley,Premier League,Matchweek 24,2/10/2024,2,1.5,0.9819016393442623,-1,0.0,38.85315934090947,38.85315934090947
Manchester City,Everton,Premier League,Matchweek 24,2/10/2024,2,1.3,0.9485613537633822,-2,159.27746027743848,31.662427052118172,31.662427052118172
Wolves,Brentford,Premier League,Matchweek 24,2/10/2024,-2,-0.9,0.9588455538221529,1,0.0,108.77048838167428,108.77048838167428
Nott'ham Forest,Newcastle Utd,Premier League,Matchweek 24,2/10/2024,-1,1,0.9623880792105091,-4,0.0,142.04126417458008,142.04126417458008
Fulham,Bournemouth,Premier League,Matchweek 24,2/10/2024,2,-0.2,0.9443968871595331,1,0.0,86.78071188693295,86.78071188693295
Luton Town,Sheffield Utd,Premier League,Matchweek 24,2/10/2024,-2,0.1,0.9281666666666667,0,0.0,111.54483901345607,111.54483901345607
West Ham,Arsenal,Premier League,Matchweek 24,2/11/2024,-6,-3.4,0.9996,0,0.0,4.121217159991134,4.121217159991134
Aston Villa,Manchester Utd,Premier League,Matchweek 24,2/11/2024,-1,0.6,0.989329268292683,-3,0.0,68.04384326627398,68.04384326627398
Crystal Palace,Chelsea,Premier League,Matchweek 24,2/12/2024,-2,-0.8,0.956389259188726,4,0.0,108.43913468153485,7.336218240493724
Tottenham,Wolves,Premier League,Matchweek 25,2/17/2024,-1,-0.2,0.9914601527504753,0,0.0,110.96158391521435,110.96158391521435
Newcastle Utd,Bournemouth,Premier League,Matchweek 25,2/17/2024,0,0,0.998451390880413,0,0.0,293.1171610832654,293.1171610832654
Manchester City,Chelsea,Premier League,Matchweek 25,2/17/2024,0,1.2,0.9483977679626298,-1,609.6278947774533,169.3384237319006,162.0652890815292
Nott'ham Forest,West Ham,Premier League,Matchweek 25,2/17/2024,2,2.3,0.9636625057185805,1,0.0,107.7314523271027,107.7314523271027
Fulham,Aston Villa,Premier League,Matchweek 25,2/17/2024,-1,0,0.9494552529182879,1,0.0,100.55472658396246,100.55472658396246
Burnley,Arsenal,Premier League,Matchweek 25,2/17/2024,-5,-2,0.9452230994411426,1,0.0,178.1061015824509,178.1061015824509
Brentford,Liverpool,Premier League,Matchweek 25,2/17/2024,-3,-1.2,0.9966956521739131,0,0.0,174.73492174379578,174.73492174379578
Sheffield Utd,Brighton,Premier League,Matchweek 25,2/18/2024,-5,-2.3,0.9027582410861721,0,0.0,183.03575186533246,183.03575186533246
Luton Town,Manchester Utd,Premier League,Matchweek 25,2/18/2024,-1,-1.1,0.9569166666666666,1,0.0,134.04826617521897,134.04826617521897
Everton,Crystal Palace,Premier League,Matchweek 25,2/19/2024,0,1,0.9503697985407277,2,0.0,186.0219860056356,186.0219860056356
Manchester City,Brentford,Premier League,Matchweek 18,2/20/2024,1,1.9,0.9496519257683989,0,0.0,159.27746027743848,159.27746027743848
Liverpool,Luton Town,Premier League,Matchweek 26,2/21/2024,3,2.4,0.9789016393442623,1,174.73492174379578,150.50201918294488,150.50201918294488
Manchester Utd,Fulham,Premier League,Matchweek 26,2/24/2024,-1,0.5,0.9703688053769263,-1,0.0,162.64344523010803,162.64344523010803
Arsenal,Newcastle Utd,Premier League,Matchweek 26,2/24/2024,3,2.6,0.9933118081180812,-4,822.7592834171038,244.45638926550575,244.45638926550575
Aston Villa,Nott'ham Forest,Premier League,Matchweek 26,2/24/2024,2,1,0.988062851782364,0,0.0,43.3154534718993,43.3154534718993
Brighton,Everton,Premier League,Matchweek 26,2/24/2024,0,1.1,1.2814153846153846,1,0.0,215.9370971693225,215.9370971693225
Crystal Palace,Burnley,Premier League,Matchweek 26,2/24/2024,3,2.3,0.915711293087031,-2,186.0219860056356,188.09928496285767,188.09928496285767
Bournemouth,Manchester City,Premier League,Matchweek 26,2/24/2024,-1,-0.7,0.932,3,0.0,190.47474412866654,190.47474412866654
Wolves,Sheffield Utd,Premier League,Matchweek 26,2/25/2024,1,0.7,0.9606552262090483,1,0.0,60.473250269001866,60.473250269001866
West Ham,Brentford,Premier League,Matchweek 26,2/26/2024,2,0.8,0.9992,3,0.0,12.792546616739742,12.792546616739742
Tottenham,Crystal Palace,Premier League,Matchweek 27,3/2/2024,2,1.6,0.9883503593181012,7,0.0,14.264900666344364,14.264900666344364
Newcastle Utd,Wolves,Premier League,Matchweek 27,3/2/2024,3,1.3,0.9981072555205047,1,92.96714652765712,166.11017180942812,166.11017180942812
Everton,West Ham,Premier League,Matchweek 27,3/2/2024,-2,0.8,0.9777124785218019,2,0.0,180.64531338018784,180.64531338018784
Nott'ham Forest,Liverpool,Premier League,Matchweek 27,3/2/2024,-1,-1,0.9673550748317103,0,0.0,82.93456734366865,82.93456734366865
Fulham,Brighton,Premier League,Matchweek 27,3/2/2024,3,0,0.9517509727626459,4,0.0,111.88670555982965,42.78907448561371
Brentford,Chelsea,Premier League,Matchweek 27,3/2/2024,0,0,0.9936231884057971,2,12.792546616739742,4.819606826663133,4.819606826663133
Luton Town,Aston Villa,Premier League,Matchweek 27,3/2/2024,-1,-0.1,0.9661666666666666,-3,0.0,75.17670354973767,75.17670354973767
Manchester City,Manchester Utd,Premier League,Matchweek 27,3/3/2024,2,3.1,0.9726811712743334,1,133.00309255790327,57.95542123903779,3.993631130162096
Burnley,Bournemouth,Premier League,Matchweek 27,3/3/2024,-2,0.4,0.8743457819568882,3,0.0,211.64749842050372,211.64749842050372
Sheffield Utd,Arsenal,Premier League,Matchweek 27,3/4/2024,-6,-2.1,0.8915968442297107,-1,0.0,137.906646862467,137.906646862467
Manchester Utd,Everton,Premier League,Matchweek 28,3/9/2024,2,1.1,0.9718741334460128,-1,0.0,27.8237650718974,27.8237650718974
Arsenal,Brentford,Premier League,Matchweek 28,3/9/2024,1,0.3,0.9938554296257248,-2,137.906646862467,9.534454191276403,9.534454191276403
Wolves,Fulham,Premier League,Matchweek 28,3/9/2024,1,-1.8,0.9628705148205928,0,0.0,111.88670555982965,111.88670555982965
Crystal Palace,Luton Town,Premier League,Matchweek 28,3/9/2024,0,1.9,0.9561226433060369,0,0.0,36.70239272477797,36.70239272477797
Bournemouth,Sheffield Utd,Premier League,Matchweek 28,3/9/2024,0,2.1,0.9228333333333333,1,0.0,182.73057869518593,182.73057869518593
West Ham,Burnley,Premier League,Matchweek 28,3/10/2024,0,1.4,0.999056,-4,429.4699683837811,181.04410223414268,181.04410223414268
Liverpool,Manchester City,Premier League,Matchweek 28,3/10/2024,0,1.1,0.9827377049180328,-1,775.6237802686961,31.4968174112666,31.4968174112666
Aston Villa,Tottenham,Premier League,Matchweek 28,3/10/2024,-4,-0.7,0.9922607879924953,-5,287.92626508519544,99.36954823663888,99.36954823663888
Brighton,Nott'ham Forest,Premier League,Matchweek 28,3/10/2024,1,-0.3,0.9693846153846154,-5,856.5045855501157,150.39496189655355,150.39496189655355
Chelsea,Newcastle Utd,Premier League,Matchweek 28,3/11/2024,1,0.9,0.9015641791044776,0,0.0,248.53854365256566,248.53854365256566
Bournemouth,Luton Town,Premier League,Matchweek 17,3/13/2024,1,0.3,0.9331666666666667,0,0.0,88.82675565683887,99.95937772645323
Fulham,Tottenham,Premier League,Matchweek 29,3/16/2024,3,0.2,0.9498054474708171,1,0.0,11.158905330556353,11.158905330556353
Burnley,Brentford,Premier League,Matchweek 29,3/16/2024,1,1.7,0.9061917856826045,-1,0.0,178.32701794425586,178.32701794425586
Luton Town,Nott'ham Forest,Premier League,Matchweek 29,3/16/2024,0,-1.4,0.9691666666666666,-3,99.95937772645323,78.7080441322044,78.7080441322044
West Ham,Aston Villa,Premier League,Matchweek 29,3/17/2024,0,1.3,0.999376,0,0.0,103.94944488769937,103.94944488769937
Tottenham,Luton Town,Premier League,Matchweek 30,3/30/2024,1,2.4,0.9914923785891527,0,0.0,24.854346537697833,24.854346537697833
Newcastle Utd,West Ham,Premier League,Matchweek 30,3/30/2024,1,2.7,0.9979734251027627,1,0.0,246.5506742531606,246.5506742531606
Aston Villa,Wolves,Premier League,Matchweek 30,3/30/2024,2,-0.5,1.0,-1,0.0,11.74073684225786,11.74073684225786
Chelsea,Burnley,Premier League,Matchweek 30,3/30/2024,0,2.6,0.9441194029850746,-1,0.0,180.89112821862733,180.89112821862733
Sheffield Utd,Fulham,Premier League,Matchweek 30,3/30/2024,0,0.6,0.9176808757874136,7,0.0,141.12887864479376,141.12887864479376
Nott'ham Forest,Crystal Palace,Premier League,Matchweek 30,3/30/2024,0,-0.3,0.9646428338017123,-7,0.0,115.39175887130357,115.39175887130357
Brentford,Manchester Utd,Premier League,Matchweek 30,3/30/2024,0,2.6,0.9935072463768116,1,0.0,160.06234737647546,160.06234737647546
Bournemouth,Everton,Premier League,Matchweek 30,3/30/2024,1,0.3,0.9339166666666666,-4,0.0,192.83847548568883,192.83847548568883
Liverpool,Brighton,Premier League,Matchweek 30,3/31/2024,1,2.3,0.9846065573770492,-3,0.0,215.35148806421188,215.35148806421188
Manchester City,Arsenal,Premier League,Matchweek 30,3/31/2024,0,0.3,0.9483977679626298,-4,0.0,159.6104662342485,159.6104662342485
West Ham,Tottenham,Premier League,Matchweek 31,4/2/2024,0,0.5,0.999504,0,246.5506742531606,5.030030026161061,5.030030026161061
Newcastle Utd,Everton,Premier League,Matchweek 31,4/2/2024,0,1,0.9967498327119778,0,0.0,293.1171610832654,119.2670310662883
Nott'ham Forest,Fulham,Premier League,Matchweek 31,4/2/2024,2,0,0.9475524475524476,0,0.0,32.86374293437882,108.32257726097232
Burnley,Wolves,Premier League,Matchweek 31,4/2/2024,0,0.4,0.954847866583873,0,180.89112821862733,89.58447637489749,82.93230929458153
Bournemouth,Crystal Palace,Premier League,Matchweek 31,4/2/2024,1,0.9,0.9215,0,0.0,155.2807119706641,88.82675565683887
Arsenal,Luton Town,Premier League,Matchweek 31,4/3/2024,2,0.4,0.992718766473379,-1,159.6104662342485,3.8675306627938117,26.617334445905875
Manchester City,Aston Villa,Premier League,Matchweek 31,4/3/2024,3,2.6,0.9710089608666412,-1,0.0,68.55738989703812,68.55738989703812
Brentford,Brighton,Premier League,Matchweek 31,4/3/2024,0,-0.5,0.9868985507246377,1,0.0,174.73492174379578,44.307604649146185
Liverpool,Sheffield Utd,Premier League,Matchweek 31,4/4/2024,2,1.2,0.9845081967213115,-1,0.0,61.521976132624104,61.521976132624104
Chelsea,Manchester Utd,Premier League,Matchweek 31,4/4/2024,1,1.5,0.9479164179104478,0,0.0,4.819606826663133,162.94470801049738
Aston Villa,Brentford,Premier League,Matchweek 32,4/6/2024,0,0,0.9877579737335835,0,68.55738989703812,97.49470174212284,97.49470174212284
Everton,Burnley,Premier League,Matchweek 32,4/6/2024,1,0.4,0.9743008690888264,0,119.2670310662883,38.67614293012165,38.67614293012165
Brighton,Arsenal,Premier League,Matchweek 32,4/6/2024,-3,-2.9,0.9746769230769231,0,44.307604649146185,47.90704237150476,47.90704237150476
Wolves,West Ham,Premier League,Matchweek 32,4/6/2024,-1,0.3,0.9829641185647426,0,82.93230929458153,115.50236055822437,115.50236055822437
Crystal Palace,Manchester City,Premier League,Matchweek 32,4/6/2024,-2,-0.8,0.9572271948200343,1,88.82675565683887,169.3384237319006,169.3384237319006
Fulham,Newcastle Utd,Premier League,Matchweek 32,4/6/2024,-1,0.2,0.9501167315175097,0,108.32257726097232,248.6902770092759,248.6902770092759
Luton Town,Bournemouth,Premier League,Matchweek 32,4/6/2024,1,1.1,0.9830833333333333,-1,26.617334445905875,99.95937772645323,99.95937772645323
Manchester Utd,Liverpool,Premier League,Matchweek 32,4/7/2024,0,-2.9,0.9705536702275158,0,162.94470801049738,27.637459179728413,27.637459179728413
Tottenham,Nott'ham Forest,Premier League,Matchweek 32,4/7/2024,2,0,0.9844671457574683,0,5.030030026161061,102.7015016091063,102.7015016091063
Sheffield Utd,Chelsea,Premier League,Matchweek 32,4/7/2024,0,1.1,0.8757262552749068,0,61.521976132624104,141.18643889376855,141.18643889376855
Manchester City,Luton Town,Premier League,Matchweek 33,4/13/2024,4,3.7,0.947870658160205,-3,902.9731628721089,133.00309255790327,133.00309255790327
Newcastle Utd,Tottenham,Premier League,Matchweek 33,4/13/2024,4,2,0.99697925628525,1,0.0,241.60304839766928,241.60304839766928
Nott'ham Forest,Wolves,Premier League,Matchweek 33,4/13/2024,0,0.9,0.9673877524344814,-1,0.0,48.19730378127002,48.19730378127002
Burnley,Brighton,Premier League,Matchweek 33,4/13/2024,0,0.8,0.9175463496850883,0,0.0,221.62007722539133,221.62007722539133
Brentford,Sheffield Utd,Premier League,Matchweek 33,4/13/2024,2,0.2,0.9921739130434782,1,0.0,139.0392015952734,139.0392015952734
Bournemouth,Manchester Utd,Premier League,Matchweek 33,4/13/2024,0,0.4,0.93575,1,0.0,189.4506643025337,189.4506643025337
West Ham,Fulham,Premier League,Matchweek 33,4/14/2024,-2,-2.3,0.999344,-5,305.1275824892802,9.861680019725057,9.861680019725057
Arsenal,Aston Villa,Premier League,Matchweek 33,4/14/2024,-2,0.7,0.9941684238270954,2,0.0,100.22699979051305,100.22699979051305
Liverpool,Crystal Palace,Premier League,Matchweek 33,4/14/2024,-1,0.7,0.9850819672131148,-5,0.0,185.45501720089734,185.45501720089734
Chelsea,Everton,Premier League,Matchweek 33,4/15/2024,6,1.6,0.9407044776119403,-1,0.0,178.68786692000916,178.68786692000916
Wolves,Arsenal,Premier League,Matchweek 34,4/20/2024,-2,-1,0.9866146645865834,4,0.0,675.3903319464986,111.74480278581855
Sheffield Utd,Burnley,Premier League,Matchweek 34,4/20/2024,-3,0.2,0.8856950645220476,0,0.0,42.51637537492601,42.51637537492601
Luton Town,Brentford,Premier League,Matchweek 34,4/20/2024,-4,-2.5,0.98975,0,0.0,27.913884428117303,27.913884428117303
Aston Villa,Bournemouth,Premier League,Matchweek 34,4/21/2024,2,0.6,0.989423076923077,-5,252.0964916587907,122.58137686689894,122.58137686689894
Everton,Nott'ham Forest,Premier League,Matchweek 34,4/21/2024,2,-0.6,0.9771397265732001,-2,0.0,83.36654503206178,83.36654503206178
Crystal Palace,West Ham,Premier League,Matchweek 34,4/21/2024,3,1.1,0.957722338602171,4,0.0,10.13927133640473,10.13927133640473
Fulham,Liverpool,Premier League,Matchweek 34,4/21/2024,-2,-0.2,0.9499610894941635,4,0.0,601.9931129324317,177.6378885904164
Arsenal,Chelsea,Premier League,Matchweek 29,4/23/2024,5,1.7,0.9923234053769109,0,111.74480278581855,7.349030110468097,6.185076070344405
Manchester Utd,Sheffield Utd,Premier League,Matchweek 29,4/24/2024,2,2.1,0.9711874925723945,-1,156.57330326042788,34.39253660197973,34.39253660197973
Everton,Liverpool,Premier League,Matchweek 29,4/24/2024,2,-0.9,0.9518141295415494,0,0.0,178.20612635238703,0.601736981081776
Wolves,Bournemouth,Premier League,Matchweek 29,4/24/2024,-1,-1.4,0.7969110764430577,1,0.0,11.74073684225786,128.7785129756664
Crystal Palace,Newcastle Utd,Premier League,Matchweek 29,4/24/2024,2,0.5,0.952275756998667,-8,0.0,255.199200062959,255.199200062959
Brighton,Manchester City,Premier League,Matchweek 29,4/25/2024,-4,-0.8,0.9721846153846154,7,0.0,48.70925400138846,202.0886493935327
Manchester Utd,Burnley,Premier League,Matchweek 35,4/27/2024,0,0.6,0.9714779944804638,-4,0.0,22.664257455388867,22.664257455388867
West Ham,Liverpool,Premier League,Matchweek 35,4/27/2024,0,-1,0.999584,3,0.0,180.64531338018784,180.08844231218643
Newcastle Utd,Sheffield Utd,Premier League,Matchweek 35,4/27/2024,4,1.6,0.9979160692094446,0,255.199200062959,107.94891721671931,111.08276790434583
Aston Villa,Chelsea,Premier League,Matchweek 35,4/27/2024,0,-0.5,0.9932926829268293,2,0.0,100.22699979051305,101.14587609597447
Everton,Brentford,Premier League,Matchweek 35,4/27/2024,1,-0.1,0.9736285081056851,-4,0.0,175.3055109804548,175.3055109804548
Wolves,Luton Town,Premier League,Matchweek 35,4/27/2024,1,0.6,0.9838065522620905,-4,0.0,86.86410749646792,86.86410749646792
Fulham,Crystal Palace,Premier League,Matchweek 35,4/27/2024,0,0.1,0.9393774319066148,3,0.0,7.901264828836706,7.901264828836706
Tottenham,Arsenal,Premier League,Matchweek 35,4/28/2024,-1,1.3,0.9918146369759273,10,0.0,3.8675306627938117,3.8675306627938117
Nott'ham Forest,Manchester City,Premier League,Matchweek 35,4/28/2024,-2,1,0.9697732174367688,4,0.0,150.39496189655355,57.95542123903779
Bournemouth,Brighton,Premier League,Matchweek 35,4/28/2024,3,1,0.9323333333333333,1,128.7785129756664,77.13998025597385,77.13998025597385
Chelsea,Tottenham,Premier League,Matchweek 26,5/2/2024,2,0.6,0.9333970149253731,1,101.14587609597447,10.034395880339678,10.034395880339678
Luton Town,Everton,Premier League,Matchweek 36,5/3/2024,0,-0.6,0.9894166666666667,0,0.0,151.05426850533235,151.05426850533235
Arsenal,Bournemouth,Premier League,Matchweek 36,5/4/2024,3,2.8,0.9941354770690564,0,0.0,93.96052726576495,93.96052726576495
Manchester City,Wolves,Premier League,Matchweek 36,5/4/2024,4,3.4,0.9531417561844521,-1,0.0,61.754182409132035,61.754182409132035
Sheffield Utd,Nott'ham Forest,Premier League,Matchweek 36,5/4/2024,-2,0.7,0.8719955965995964,1,0.0,32.86374293437882,32.86374293437882
Burnley,Newcastle Utd,Premier League,Matchweek 36,5/4/2024,-3,-2.4,0.9660693692894526,0,0.0,85.55780100645269,85.55780100645269
Brentford,Fulham,Premier League,Matchweek 36,5/4/2024,0,-0.7,0.9907246376811594,0,0.0,3.6010120432373363,3.6010120432373363
Liverpool,Tottenham,Premier League,Matchweek 36,5/5/2024,2,2.1,0.9848360655737705,5,0.0,178.12109729259961,175.28564555382346
Chelsea,West Ham,Premier League,Matchweek 36,5/5/2024,5,3.2,0.9383880597014925,-5,0.0,8.481334733904069,8.481334733904069
Brighton,Aston Villa,Premier League,Matchweek 36,5/5/2024,1,2.4,0.9721846153846154,4,0.0,137.5050176922312,137.5050176922312
Crystal Palace,Manchester Utd,Premier League,Matchweek 36,5/6/2024,4,1.3,0.959436297848029,0,0.0,170.23834979903233,170.23834979903233
West Ham,Luton Town,Premier League,Matchweek 37,5/11/2024,2,2.9,0.9996,-2,0.0,29.768142815797198,29.768142815797198
Tottenham,Burnley,Premier League,Matchweek 37,5/11/2024,1,2,0.9852727917244046,-1,0.0,176.03143477886832,176.03143477886832
Newcastle Utd,Brighton,Premier League,Matchweek 37,5/11/2024,0,0.8,0.994111461619348,1,0.0,291.351373024234,291.351373024234
Everton,Sheffield Utd,Premier League,Matchweek 37,5/11/2024,1,1.7,0.9766914859177728,1,0.0,61.784685616362204,61.784685616362204
Wolves,Crystal Palace,Premier League,Matchweek 37,5/11/2024,-2,-1,0.9804680187207488,2,0.0,119.78238952283678,119.78238952283678
Nott'ham Forest,Chelsea,Premier League,Matchweek 37,5/11/2024,-1,-0.1,0.9707862231226717,1,0.0,108.3603461470134,108.3603461470134
Fulham,Manchester City,Premier League,Matchweek 37,5/11/2024,-4,-3.1,0.9501167315175097,0,0.0,161.79678809522045,161.79678809522045
Bournemouth,Brentford,Premier League,Matchweek 37,5/11/2024,-1,-0.4,0.9295,0,0.0,84.51679212123727,84.51679212123727
Manchester Utd,Arsenal,Premier League,Matchweek 37,5/12/2024,-1,-1,0.9718609288138279,-2,0.0,160.62715684065643,160.62715684065643
Aston Villa,Liverpool,Premier League,Matchweek 37,5/13/2024,0,1.4,0.9906425891181989,-4,2096.710068911657,77.84666827048684,77.84666827048684
Tottenham,Manchester City,Premier League,Matchweek 34,5/14/2024,-2,-0.7,0.9839354194192904,0,0.0,11.158905330556353,157.74431706248097
Manchester Utd,Newcastle Utd,Premier League,Matchweek 34,5/15/2024,1,-0.7,0.9716232454344984,-1,0.0,107.94891721671931,107.94891721671931
Brighton,Chelsea,Premier League,Matchweek 34,5/15/2024,-1,-0.2,0.9709230769230769,0,291.351373024234,150.39496189655355,43.08159634967195
Arsenal,Everton,Premier League,Matchweek 38,5/19/2024,1,2.3,0.9935424354243543,-1,0.0,177.15561771054132,177.15561771054132
Liverpool,Wolves,Premier League,Matchweek 38,5/19/2024,2,4,0.9845737704918033,-2,0.0,67.56474632233083,67.56474632233083
Manchester City,West Ham,Premier League,Matchweek 38,5/19/2024,2,1.5,1.0014540960066889,-3,157.74431706248097,162.72073977485059,162.72073977485059
Chelsea,Bournemouth,Premier League,Matchweek 38,5/19/2024,1,-1.1,0.9486328358208955,-4,43.08159634967195,88.11993218381308,88.11993218381308
Brighton,Manchester Utd,Premier League,Matchweek 38,5/19/2024,-2,0.4,0.9742153846153846,0,0.0,202.61293021395818,202.61293021395818
Sheffield Utd,Tottenham,Premier League,Matchweek 38,5/19/2024,-3,-2.1,0.8903430982814506,3,0.0,135.55811395484352,135.55811395484352
Crystal Palace,Aston Villa,Premier League,Matchweek 38,5/19/2024,5,1.6,0.9594743858312702,2,0.0,108.43913468153485,108.43913468153485
Burnley,Nott'ham Forest,Premier League,Matchweek 38,5/19/2024,-1,-0.5,0.9362636387829326,0,0.0,74.085694354961,74.085694354961
Brentford,Newcastle Utd,Premier League,Matchweek 38,5/19/2024,-2,-2.3,0.9926956521739131,4,0.0,160.06234737647546,247.044095194753
Luton Town,Fulham,Premier League,Matchweek 38,5/19/2024,-2,0.9,1.00225,0,0.0,29.66802425744038,29.66802425744038
